date,name,source,schema_version,ingested_at
2012-01-01,New Year's Day,holidays_lib_US,1,2026-10-08T01:35:37Z
2012-01-02,New Year's Day (observed),holidays_lib_US,1,2026-10-08T01:35:37Z
2012-01-16,Martin Luther King Jr. Day,holidays_lib_US,1,2026-10-08T01:35:37Z
2012-02-20,Washington's Birthday,holidays_lib_US,1,2026-10-08T01:35:37Z
2012-05-28,Memorial Day,holidays_lib_US,1,2026-10-08T01:35:37Z
2012-07-04,Independence Day,holidays_lib_US,1,2026-10-08T01:35:37Z
2012-09-03,Labor Day,holidays_lib_US,1,2026-10-08T01:35:37Z
2012-10-08,Columbus Day,holidays_lib_US,1,2026-10-08T01:35:37Z
2012-11-11,Veterans Day,holidays_lib_US,1,2026-10-08T01:35:37Z
2012-11-12,Veterans Day (observed),holidays_lib_US,1,2026-10-08T01:35:37Z
2012-11-22,Thanksgiving Day,holidays_lib_US,1,2026-10-08T01:35:37Z
2012-12-25,Christmas Day,holidays_lib_US,1,2026-10-08T01:35:37Z
