feature,importance
ratio_t,0.2964132887195484
ratio_lag5,0.2158851770180292
ratio_lag15,0.15007991682945934
ratio_mean_1h,0.11291154188340968
ratio_lag30,0.055932764470134594
hour_cos,0.05052213394930126
ratio_std_1h,0.030156145526535262
hour_sin,0.02290868344191503
ratio_lag60,0.02118971604002574
free_flow_mph,0.01865021669126569
temp_c,0.007731032733756038
humidity,0.005364171384888844
is_peak,0.005235173571842531
wd_sin,0.004902922438782148
wd_cos,0.0018545950608082923
precip_mm,0.00026252024029795913
is_holiday,0.0
