origin,destination,dist_route_min,aware_route_min,saving_pct
717587,759602,8.286,8.141,1.75
717582,767509,6.291,6.143,2.35
767494,718089,6.752,6.731,0.31
718090,718379,0.422,0.422,0.0
771667,767494,4.792,4.623,3.53
718371,716960,7.089,7.058,0.44
718371,767494,2.799,2.799,0.0
759602,716960,4.188,4.157,0.75
718090,773013,11.05,11.009,0.37
717582,718379,1.984,1.984,0.0
717587,773013,15.245,15.097,0.97
767509,716949,4.395,4.395,0.0
771673,772513,2.665,2.665,-0.01
717582,716949,10.686,10.538,1.39
716949,771667,4.039,4.039,0.0
716942,767509,5.049,5.049,0.0
767494,716949,4.896,4.896,0.0
767494,771673,8.507,8.507,0.0
717582,717587,2.753,2.753,0.0
716331,772669,2.919,2.3,21.21
718371,771667,5.294,5.294,0.0
718089,771673,11.31,11.31,0.0
716949,716960,10.333,10.302,0.3
767509,773013,6.321,6.321,0.0
771673,716949,4.045,4.033,0.3
716331,718089,10.932,10.313,5.66
718090,716942,12.358,12.317,0.33
717587,772513,19.261,17.75,7.85
718090,759602,4.091,4.053,0.92
767509,767494,10.438,10.438,0.0
716942,772669,3.752,2.004,46.6
716331,767509,5.846,5.122,12.38
716960,716942,10.485,10.485,0.0
716949,718371,3.244,3.244,0.0
771667,759602,5.07,4.725,6.81
767494,718371,8.14,8.14,0.0
718379,718371,11.946,11.914,0.26
759602,718379,2.736,2.736,0.0
718090,767494,15.167,15.126,0.27
772669,773013,0.598,0.598,0.0
772513,716942,8.444,7.967,5.66
718379,772513,14.645,13.25,9.52
759602,773013,13.364,13.333,0.24
772669,716960,8.493,8.462,0.37
772513,771667,0.618,0.618,0.0
767509,771667,8.434,8.434,0.0
772669,718089,8.013,8.013,0.0
716942,759602,6.285,6.285,0.0
717582,718090,1.562,1.562,0.0
772513,716949,5.21,4.732,9.17
