feature,mean_abs_shap_severe,mean_abs_shap_all_classes,share_severe
hour_cos,0.6652512,0.4217994,0.2552997
ratio_t,0.65731007,0.6464815,0.25225216
free_flow_mph,0.33146033,0.28394163,0.12720266
hour_sin,0.19776832,0.15725018,0.07589643
ratio_lag5,0.17969428,0.17579134,0.06896026
ratio_std_1h,0.086213306,0.06515419,0.033085592
wd_sin,0.074668474,0.06364044,0.028655099
temp_c,0.06713887,0.057153713,0.025765505
wd_cos,0.06493676,0.05540356,0.024920411
humidity,0.0578221,0.040733807,0.02219006
ratio_mean_1h,0.05665099,0.12000849,0.021740628
ratio_lag30,0.04993527,0.037073445,0.019163376
ratio_lag60,0.04409098,0.037124228,0.016920546
ratio_lag15,0.03505506,0.070316836,0.013452882
is_peak,0.03397236,0.018702595,0.013037381
precip_mm,0.0037974734,0.0044035153,0.0014573348
is_holiday,0.0,0.0,0.0
